Taux_Perte;Taux_Perte_num;Variable;Type_Variable;Methode;RMSE;MAE;KS_pvalue;Wilcoxon_pvalue;F1_weighted;Classification_Error;Chi2_pvalue
10%;0,1;Age;Continu;Mediane/Mode;9,271692710302995;7,607142857142857;0,8074043812092967;0,4185518080265015;;;
10%;0,1;IMC;Continu;Mediane/Mode;4,509464256814447;3,740658408823531;0,9903851486604354;0,1323699951171875;;;
10%;0,1;TT;Continu;Mediane/Mode;13,057564857200596;10,710526315789474;0,6101327398229283;0,9537213213748703;;;
10%;0,1;PAS;Continu;Mediane/Mode;25,299383856715004;19,529411764705884;0,7442018745342833;0,4488873835339048;;;
10%;0,1;PAD;Continu;Mediane/Mode;15,201674548907732;11,090909090909092;0,48023676634154905;0,36557019575773153;;;
10%;0,1;Prot;Continu;Mediane/Mode;19,296678988883038;12,632285714285715;0,6101327398229283;0,39428482343300375;;;
10%;0,1;HDL;Continu;Mediane/Mode;0,2489196657558418;0,2018;0,11175394106208987;0,26897645523599756;;;
10%;0,1;Totc;Continu;Mediane/Mode;0,3494853358869296;0,26866666666666666;0,7442018745342833;0,1587122570105879;;;
10%;0,1;LDLc;Continu;Mediane/Mode;0,4572081739051854;0,35554285714285716;0,6776105978838524;0,5499341739338028;;;
10%;0,1;TG;Continu;Mediane/Mode;0,4277641205818259;0,31964285714285723;0,7442018745342833;0,0720093384543202;;;
10%;0,1;Non HDL;Continu;Mediane/Mode;0,43983357242094584;0,34928571428571425;0,9126306966280817;0,8733211966064174;;;
10%;0,1;PCSK9;Continu;Mediane/Mode;67,38582929668146;32,2452929616;0,9126306966280817;0,2758104014698106;;;
10%;0,1;Glu;Continu;Mediane/Mode;0,8996623298173085;0,596923076923077;0,9499065344511678;0,14768891905931403;;;
10%;0,1;Ins (µUI/mL);Continu;Mediane/Mode;4,124893157500294;2,95691375;0,7442018745342833;0,4069843718316406;;;
10%;0,1;HOMAB%;Continu;Mediane/Mode;90,20722175714569;47,542857142857144;0,8074043812092967;0,009016036987304688;;;
10%;0,1;HOMA-IR;Continu;Mediane/Mode;20,697434750449574;4,756228076565217;0,9754946858184;0,5429424906845058;;;
10%;0,1;Adipo HMW;Continu;Mediane/Mode;11,090061359986333;3,2708614951714288;0,6101327398229283;0,11098843696527183;;;
10%;0,1;Glibenclamide 5mg;Continu;Mediane/Mode;5,3830542192395505;2,803030303030303;0,9903851486604354;0,00429489410947518;;;
10%;0,1;Insuline 10 UI;Continu;Mediane/Mode;1,889822365046136;0,35714285714285715;1,0;0,7194375444233914;;;
10%;0,1;Lasilix 40 mg;Continu;Mediane/Mode;0,0;0,0;1,0;1,0;;;
10%;0,1;Lexomil 6 mg;Continu;Mediane/Mode;0,0;0,0;1,0;1,0;;;
10%;0,1;Metformine 500 mg;Continu;Mediane/Mode;1279,2042981336626;848,4848484848485;0,8644440045104076;0,00034248344582665373;;;
10%;0,1;Ratio Tot-c/HDL;Continu;Mediane/Mode;1,6901562313533667;1,0905076413571428;0,7442018745342833;0,5979221016168594;;;
10%;0,1;Ratio LDL-c/HDL;Continu;Mediane/Mode;2,451400880849281;1,3035026728857142;0,6101327398229283;0,691783364105504;;;
10%;0,1;Ratio TG/HDL;Continu;Mediane/Mode;2,761939135142273;0,98982878632;0,9126306966280817;0,5271640519776486;;;
10%;0,1;Ratio LogTG/HDL;Continu;Mediane/Mode;0,2762142093595453;0,1721028822631579;0,48023676634154905;0,04446884250501171;;;
10%;0,1;Insu pmol/L;Continu;Mediane/Mode;37,534049896805755;23,214869358139538;0,2694445751599743;0,9422434967901488;;;
10%;0,1;lu(mmol/l);Continu;Mediane/Mode;6,217255366650183;4,2934371250000005;0,8074043812092967;0,1873922399083836;;;
10%;0,1;HOMAS%;Continu;Mediane/Mode;531,3819271485327;170,9277777783333;0,5438221307073731;0,6374038173325363;;;
10%;0,1;Sexe;Binaire;Mediane/Mode;;;;;0,45;0,4;1,598885891338629e-58
10%;0,1;HTA;Binaire;Mediane/Mode;;;;;0,5629838142153413;0,31034482758620685;1,786023299035278e-60
10%;0,1;HTS/HTD;Ordinal;Mediane/Mode;;;;;0,2868347338935574;0,5428571428571429;1,1518594927804176e-164
10%;0,1;Profil_glycemique;Ordinal;Mediane/Mode;;;;;0,5200471698113208;0,34375;2,8308269483382175e-181
10%;0,1;Age;Continu;MICE (sklearn);14,789235566456089;11,584315652596203;0,9999999999996849;0,6295278295874596;;;
10%;0,1;IMC;Continu;MICE (sklearn);4,0692006141010255;3,4498790923463285;0,9999999999996849;0,0983734130859375;;;
10%;0,1;TT;Continu;MICE (sklearn);19,63682158488635;14,512436558884247;0,9999567581377435;0,24318095664057182;;;
10%;0,1;PAS;Continu;MICE (sklearn);24,635351129817813;19,32018286647007;0,9999988234755917;0,5887860532384366;;;
10%;0,1;PAD;Continu;MICE (sklearn);17,2364451814499;12,890278535005502;0,9999999999996849;0,5601940555498004;;;
10%;0,1;Prot;Continu;MICE (sklearn);22,08692288038057;17,62139047365601;0,9999567581377435;0,6562793096527457;;;
10%;0,1;HDL;Continu;MICE (sklearn);0,11476641459484169;0,09063527446590117;0,9999999999999998;0,8858855663449852;;;
10%;0,1;Totc;Continu;MICE (sklearn);0,1357852059169022;0,10005599251968957;0,9999999999999999;0,5978077705949545;;;
10%;0,1;LDLc;Continu;MICE (sklearn);0,12743446161917946;0,09376101555776771;0,9999999999999999;0,28721763065550476;;;
10%;0,1;TG;Continu;MICE (sklearn);0,32962141209932894;0,2733726835312937;0,9999999957963892;0,5221440717577934;;;
10%;0,1;Non HDL;Continu;MICE (sklearn);0,1861967616891238;0,13996841885771513;0,9999999999999999;0,2450956031680107;;;
10%;0,1;PCSK9;Continu;MICE (sklearn);64,5433002278495;36,62928878731829;0,9999567581377435;0,4418373703956604;;;
10%;0,1;Glu;Continu;MICE (sklearn);0,32484245393953753;0,12003133961576891;0,9999999999999998;0,7835337817668915;;;
10%;0,1;Ins (µUI/mL);Continu;MICE (sklearn);2,279712946072472;0,89409692093068;0,9999999999999999;0,35160549916327;;;
10%;0,1;HOMAB%;Continu;MICE (sklearn);96,9548995199035;56,91810707979579;0,9999999999996849;0,5167608261108398;;;
10%;0,1;HOMA-IR;Continu;MICE (sklearn);19,93323998169152;11,213728711604576;0,9126306966280817;0,06981706619262695;;;
10%;0,1;Adipo HMW;Continu;MICE (sklearn);11,80316004065565;6,160856615731409;0,9499065344511678;0,8906679842039011;;;
10%;0,1;Glibenclamide 5mg;Continu;MICE (sklearn);6,528768644052889;4,975973235773925;0,8644440045104076;0,16004560654982924;;;
10%;0,1;Insuline 10 UI;Continu;MICE (sklearn);2,401558725045481;1,5978083627273454;0,7442018745342833;0,3989470452070236;;;
10%;0,1;Lasilix 40 mg;Continu;MICE (sklearn);0,00010474929414094673;8,23661049569744e-05;0,9126306966280817;0,82233826816082;;;
10%;0,1;Lexomil 6 mg;Continu;MICE (sklearn);9,895362131449996e-05;8,734772148454461e-05;0,9754946858184;0,776785135269165;;;
10%;0,1;Metformine 500 mg;Continu;MICE (sklearn);1360,6270213200546;1016,1587533553194;0,9995057756795516;0,4688330565113574;;;
10%;0,1;Ratio Tot-c/HDL;Continu;MICE (sklearn);1,431661028240423;0,6234062641151967;0,9999999999999999;0,46517620980739594;;;
10%;0,1;Ratio LDL-c/HDL;Continu;MICE (sklearn);1,3431543707333011;0,6793787206426074;0,9999999999996849;0,8906679842039011;;;
10%;0,1;Ratio TG/HDL;Continu;MICE (sklearn);1,0643795260545892;0,8323048861987811;0,9999999999996849;0,3665854334831238;;;
10%;0,1;Ratio LogTG/HDL;Continu;MICE (sklearn);0,13432591665413626;0,10583686354909763;0,9999999999996849;0,6462372204041458;;;
10%;0,1;Insu pmol/L;Continu;MICE (sklearn);12,16283279391449;4,2415994609748795;0,9999999999999998;0,33453203297358414;;;
10%;0,1;lu(mmol/l);Continu;MICE (sklearn);1,6265895377849489;0,5415776235273768;0,9999999999999998;0,8900027303025126;;;
10%;0,1;HOMAS%;Continu;MICE (sklearn);669,0094394180263;473,41324167526557;0,6776105978838524;0,24508141286787577;;;
10%;0,1;Sexe;Binaire;MICE (sklearn);;;;;0,571043771043771;0,43333333333333335;1,3798486012038745e-57
10%;0,1;HTA;Binaire;MICE (sklearn);;;;;0,7931034482758621;0,2068965517241379;3,6516474682035816e-63
10%;0,1;HTS/HTD;Ordinal;MICE (sklearn);;;;;0,3466666666666667;0,7428571428571429;8,229986044792264e-127
10%;0,1;Profil_glycemique;Ordinal;MICE (sklearn);;;;;0,48931277056277056;0,59375;8,432894985929808e-146
10%;0,1;Age;Continu;KNN (k=5);9,757853979524098;8,049999999999999;0,9754946858184;0,1357848200783726;;;
10%;0,1;IMC;Continu;KNN (k=5);4,153954132638931;3,2569115567058833;0,9999999957963892;0,190093994140625;;;
10%;0,1;TT;Continu;KNN (k=5);13,468638035314328;11,136842105263158;0,9903851486604354;0,4727837846032751;;;
10%;0,1;PAS;Continu;KNN (k=5);22,333119694617626;18,147058823529413;0,9754946858184;0,24142504377951168;;;
10%;0,1;PAD;Continu;KNN (k=5);14,34302702508868;10,07878787878788;0,9972477320442394;0,26776438121395285;;;
10%;0,1;Prot;Continu;KNN (k=5);17,68682553120906;12,357428571428573;0,9903851486604354;0,9162867379491217;;;
10%;0,1;HDL;Continu;KNN (k=5);0,2128092103269969;0,17124000000000003;0,9972477320442394;0,26075006718593274;;;
10%;0,1;Totc;Continu;KNN (k=5);0,35562433362562057;0,28940000000000005;0,9972477320442394;0,16816773071223146;;;
10%;0,1;LDLc;Continu;KNN (k=5);0,5327325096679786;0,4263885714285714;0,9972477320442394;0,9419905297108926;;;
10%;0,1;TG;Continu;KNN (k=5);0,46737442927791545;0,37414285714285717;0,9999999957963892;0,7281656339764595;;;
10%;0,1;Non HDL;Continu;KNN (k=5);0,4508379499807632;0,35542857142857137;0,9999988234755917;0,3740789592266083;;;
10%;0,1;PCSK9;Continu;KNN (k=5);64,18395177980746;34,846449503904;0,9999567581377435;0,8325093984603882;;;
10%;0,1;Glu;Continu;KNN (k=5);0,7058110446636768;0,48507692307692307;0,9999567581377435;0,6170915961265564;;;
10%;0,1;Ins (µUI/mL);Continu;KNN (k=5);2,9111843663436936;1,8022605841176471;0,9999999957963892;0,9461913725826889;;;
10%;0,1;HOMAB%;Continu;KNN (k=5);89,98728291105519;48,72571428571429;0,9999988234755917;0,32045745849609375;;;
10%;0,1;HOMA-IR;Continu;KNN (k=5);16,587012405077914;4,1776999418869565;0,9999567581377435;0,6010458469390869;;;
10%;0,1;Adipo HMW;Continu;KNN (k=5);11,08346248256881;3,600950960085714;0,9999999957963892;0,7158310085069388;;;
10%;0,1;Glibenclamide 5mg;Continu;KNN (k=5);4,293229341861227;3,5303030303030303;0,7442018745342833;0,03698827078826273;;;
10%;0,1;Insuline 10 UI;Continu;KNN (k=5);1,6035674514745464;0,42857142857142855;1,0;0,7549106229378223;;;
10%;0,1;Lasilix 40 mg;Continu;KNN (k=5);0,0;0,0;1,0;1,0;;;
10%;0,1;Lexomil 6 mg;Continu;KNN (k=5);0,0;0,0;1,0;1,0;;;
10%;0,1;Metformine 500 mg;Continu;KNN (k=5);969,8484730132128;800,0;0,9499065344511678;0,14685142671139423;;;
10%;0,1;Ratio Tot-c/HDL;Continu;KNN (k=5);3,809919725735909;1,8162348417357144;0,9999567581377435;0,14377250522375107;;;
10%;0,1;Ratio LDL-c/HDL;Continu;KNN (k=5);1,6511115781942765;1,1856058447257145;0,9995057756795516;0,5436307483469136;;;
10%;0,1;Ratio TG/HDL;Continu;KNN (k=5);2,4404710726010173;0,893689795736;0,9999988234755917;0,14091521501541138;;;
10%;0,1;Ratio LogTG/HDL;Continu;KNN (k=5);0,24868781902216325;0,16996115380000001;0,9972477320442394;0,2204328331645229;;;
10%;0,1;Insu pmol/L;Continu;KNN (k=5);33,85393242777828;22,465564239069764;0,7442018745342833;0,049041343804447024;;;
10%;0,1;lu(mmol/l);Continu;KNN (k=5);4,818752571370946;3,6154803125;0,9499065344511678;0,8033682219684124;;;
10%;0,1;HOMAS%;Continu;KNN (k=5);540,5747382063206;213,0561111078889;0,9754946858184;0,010977849655319005;;;
10%;0,1;Sexe;Binaire;KNN (k=5);;;;;0,6;0,4;1,5226150913747802e-58
10%;0,1;HTA;Binaire;KNN (k=5);;;;;0,7850985221674877;0,2068965517241379;3,804743730233913e-63
10%;0,1;HTS/HTD;Ordinal;KNN (k=5);;;;;0,5094696607740086;0,5142857142857142;4,0862812701833636e-154
10%;0,1;Profil_glycemique;Ordinal;KNN (k=5);;;;;0,20850202429149797;0,84375;5,472564169845617e-126
10%;0,1;Age;Continu;MissForest;9,817968298898295;8,117880089270274;0,9903851486604354;0,33856552094221115;;;
10%;0,1;IMC;Continu;MissForest;2,5109354652791995;2,2836144695914933;0,9999999999999998;0,8899688720703125;;;
10%;0,1;TT;Continu;MissForest;9,196981795752171;6,0274245280716165;0,9999999999996849;0,5659611264854902;;;
10%;0,1;PAS;Continu;MissForest;12,967162167746888;9,539218950594378;0,9999999957963892;0,8263502409681678;;;
10%;0,1;PAD;Continu;MissForest;11,564706585110802;7,144242324936272;0,9995057756795516;0,3302670537959784;;;
10%;0,1;Prot;Continu;MissForest;17,097787018726347;12,674557692812865;0,9126306966280817;0,9034651150577702;;;
10%;0,1;HDL;Continu;MissForest;0,061012508340427395;0,04291977013120441;0,9999999957963892;0,32777522027848605;;;
10%;0,1;Totc;Continu;MissForest;0,1342481873181909;0,08196388300841466;0,9999988234755917;0,006639536470174789;;;
10%;0,1;LDLc;Continu;MissForest;0,09804317590228567;0,061764708786034295;0,9999999999999999;0,16330995067255571;;;
10%;0,1;TG;Continu;MissForest;0,20384150472031373;0,14467975418449755;0,9999999999996849;0,27407141774892807;;;
10%;0,1;Non HDL;Continu;MissForest;0,12433791038302733;0,0858023547878682;0,9999999999999999;0,8489041775465012;;;
10%;0,1;PCSK9;Continu;MissForest;64,62704068807004;30,569741307498166;0,9995057756795516;0,33878785371780396;;;
10%;0,1;Glu;Continu;MissForest;0,19027491396559731;0,07659615384615406;0,9999999999999999;0,48335155844688416;;;
10%;0,1;Ins (µUI/mL);Continu;MissForest;2,982637320404292;0,8552493867733428;0,9999999999996849;0,010102359461598098;;;
10%;0,1;HOMAB%;Continu;MissForest;50,07329143264824;25,44923477669179;0,9999999999996849;0,7592878341674805;;;
10%;0,1;HOMA-IR;Continu;MissForest;3,4324639240215196;0,9466179826125772;0,9999999999996849;0,6649994850158691;;;
10%;0,1;Adipo HMW;Continu;MissForest;10,950246357018516;3,57202559941005;0,6776105978838524;0,25850554718635976;;;
10%;0,1;Glibenclamide 5mg;Continu;MissForest;3,9757445162298994;2,825725646852394;0,6101327398229283;0,16068706237012342;;;
10%;0,1;Insuline 10 UI;Continu;MissForest;1,6890403023187883;0,3928571428571428;0,9972477320442394;0,021082674826758366;;;
10%;0,1;Lasilix 40 mg;Continu;MissForest;0,0;0,0;1,0;1,0;;;
10%;0,1;Lexomil 6 mg;Continu;MissForest;0,0;0,0;1,0;1,0;;;
10%;0,1;Metformine 500 mg;Continu;MissForest;416,3725257279072;220,83877716367158;0,6776105978838524;0,194426764153925;;;
10%;0,1;Ratio Tot-c/HDL;Continu;MissForest;0,3285646670114095;0,22824479996179317;0,9999999999999998;0,07741569727659225;;;
10%;0,1;Ratio LDL-c/HDL;Continu;MissForest;0,24891263902990804;0,16006094337150598;0,9999999999999999;0,15352009475464;;;
10%;0,1;Ratio TG/HDL;Continu;MissForest;2,422325387995589;0,5104383020584706;1,0;0,6720751523971558;;;
10%;0,1;Ratio LogTG/HDL;Continu;MissForest;0,12543163007898478;0,035167931497722085;1,0;0,8973613591879257;;;
10%;0,1;Insu pmol/L;Continu;MissForest;16,278547530899928;5,365521111591698;0,9999999999999999;0,03109551345141881;;;
10%;0,1;lu(mmol/l);Continu;MissForest;1,0468627002247033;0,4296214924999994;1,0;0,9338707919232547;;;
10%;0,1;HOMAS%;Continu;MissForest;228,34808988079888;75,80226682955444;0,9999999999996849;0,181412478297716;;;
10%;0,1;Sexe;Binaire;MissForest;;;;;0,6975323149236193;0,30000000000000004;6,856506248066772e-61
10%;0,1;HTA;Binaire;MissForest;;;;;0,9310344827586207;0,06896551724137934;6,29679888090078e-67
10%;0,1;HTS/HTD;Ordinal;MissForest;;;;;0,768964368964369;0,22857142857142854;2,750034742613512e-175
10%;0,1;Profil_glycemique;Ordinal;MissForest;;;;;0,9397058823529412;0,0625;3,141917321599248e-192
20%;0,2;Age;Continu;Mediane/Mode;11,854843458807704;9,880597014925373;0,039356539334689765;0,24380753132667987;;;
20%;0,2;IMC;Continu;Mediane/Mode;6,728376177469329;4,650901025714286;0,07506130791879756;0,26726744058870966;;;
20%;0,2;TT;Continu;Mediane/Mode;15,182479781237724;11,76923076923077;0,039356539334689765;0,7462485397681708;;;
20%;0,2;PAS;Continu;Mediane/Mode;20,592634697230583;16,132075471698112;0,31482613288791556;0,9222044329661666;;;
20%;0,2;PAD;Continu;Mediane/Mode;12,097283260926064;10,245901639344263;0,06092073473992785;0,09764511976191825;;;
20%;0,2;Prot;Continu;Mediane/Mode;10,578931965867895;6,710307692307692;0,0491245619180859;0,31565146258794763;;;
20%;0,2;HDL;Continu;Mediane/Mode;0,23874028373302042;0,18953846153846154;0,015195395509199468;0,007018843922356191;;;
20%;0,2;Totc;Continu;Mediane/Mode;0,4528080031528796;0,363859649122807;0,06092073473992785;0,45272580817270947;;;
20%;0,2;LDLc;Continu;Mediane/Mode;0,463315067585603;0,3661851851851852;0,0491245619180859;0,013629862199887993;;;
20%;0,2;TG;Continu;Mediane/Mode;0,5103563817212795;0,3454545454545454;0,039356539334689765;0,4098682291343365;;;
20%;0,2;Non HDL;Continu;Mediane/Mode;0,48278747912513226;0,378375;0,009080846195950952;0,1441195730782803;;;
20%;0,2;PCSK9;Continu;Mediane/Mode;27,393697514390983;20,269505126531644;0,0008921793650294647;0,018493560332490007;;;
20%;0,2;Glu;Continu;Mediane/Mode;0,9936664010957936;0,6464583333333334;0,19331462809017694;0,019895527438985698;;;
20%;0,2;Ins (µUI/mL);Continu;Mediane/Mode;4,223305677129915;3,0417364015151516;0,06092073473992785;0,30522653533273336;;;
20%;0,2;HOMAB%;Continu;Mediane/Mode;32,87723762153975;22,64637681159421;0,005287224936506957;0,25719822146730775;;;
20%;0,2;HOMA-IR;Continu;Mediane/Mode;5,920630893704784;1,4363148469215683;0,22900364920917013;0,09708573296704513;;;
20%;0,2;Adipo HMW;Continu;Mediane/Mode;1,959948984480066;0,7817794127424241;0,024774411565286425;0,8007846229976712;;;
20%;0,2;Glibenclamide 5mg;Continu;Mediane/Mode;6,35741037425355;3,4166666666666665;0,5438221307073731;0,0001123127228216247;;;
20%;0,2;Insuline 10 UI;Continu;Mediane/Mode;1,889822365046136;0,35714285714285715;1,0;0,6086400115168754;;;
20%;0,2;Lasilix 40 mg;Continu;Mediane/Mode;0,0;0,0;1,0;1,0;;;
20%;0,2;Lexomil 6 mg;Continu;Mediane/Mode;0,0;0,0;1,0;1,0;;;
20%;0,2;Metformine 500 mg;Continu;Mediane/Mode;1000,0;538,4615384615385;0,8074043812092967;0,0007072488321895184;;;
20%;0,2;Ratio Tot-c/HDL;Continu;Mediane/Mode;4,335551097213259;2,0993534800185185;0,09188614878431155;0,8870258225454608;;;
20%;0,2;Ratio LDL-c/HDL;Continu;Mediane/Mode;12,99541943119435;3,9766897423728804;0,039356539334689765;0,033293229527781715;;;
20%;0,2;Ratio TG/HDL;Continu;Mediane/Mode;5,317407927221646;1,542145177074627;0,039356539334689765;0,8464530623416544;;;
20%;0,2;Ratio LogTG/HDL;Continu;Mediane/Mode;0,2855968684233009;0,19175496130645164;0,11175394106208987;0,6739992270487547;;;
20%;0,2;Insu pmol/L;Continu;Mediane/Mode;50,771771713669686;24,58072124594595;0,015195395509199468;0,21037181059873755;;;
20%;0,2;lu(mmol/l);Continu;Mediane/Mode;5,461121902866425;3,4790634716981135;0,1350351077952536;0,9964679926092104;;;
20%;0,2;HOMAS%;Continu;Mediane/Mode;542,002524447901;169,5492063488889;0,0491245619180859;0,4016518361604414;;;
20%;0,2;Sexe;Binaire;Mediane/Mode;;;;;0,47338935574229685;0,38095238095238093;2,765919943336083e-49
20%;0,2;HTA;Binaire;Mediane/Mode;;;;;0,5333333333333333;0,33333333333333337;6,0366614851454935e-52
20%;0,2;HTS/HTD;Ordinal;Mediane/Mode;;;;;0,30523968784838346;0,5256410256410257;1,1905686125038332e-130
20%;0,2;Profil_glycemique;Ordinal;Mediane/Mode;;;;;0,470446735395189;0,3833333333333333;6,967014173878156e-162
20%;0,2;Age;Continu;MICE (sklearn);14,509431631450108;12,189670035171886;0,9972477320442394;0,11545168141570697;;;
20%;0,2;IMC;Continu;MICE (sklearn);7,799879543281429;5,956138702871611;0,9999988234755917;0,9414768683124642;;;
20%;0,2;TT;Continu;MICE (sklearn);20,081533563859292;15,709313079364359;0,9499065344511678;0,4348467067718086;;;
20%;0,2;PAS;Continu;MICE (sklearn);27,09302080982642;20,70418369386936;0,9995057756795516;0,38805799600345336;;;
20%;0,2;PAD;Continu;MICE (sklearn);17,715414671960804;13,58489009013671;0,9972477320442394;0,24897791235558242;;;
20%;0,2;Prot;Continu;MICE (sklearn);15,206929964605173;12,072907189735155;0,8644440045104076;0,8471307921238074;;;
20%;0,2;HDL;Continu;MICE (sklearn);0,18617604680883137;0,14284338099158422;0,9999999999996849;0,9400939641322122;;;
20%;0,2;Totc;Continu;MICE (sklearn);0,23008150857373463;0,16555642455534078;0,9999999957963892;0,6083249647120605;;;
20%;0,2;LDLc;Continu;MICE (sklearn);0,20305260089790916;0,16132778163089084;0,9999999999999999;0,11411259127614376;;;
20%;0,2;TG;Continu;MICE (sklearn);0,4071939015545203;0,290134964688832;0,9999999999996849;0,3493484139123454;;;
20%;0,2;Non HDL;Continu;MICE (sklearn);0,24256672059924056;0,19503245534685054;0,9999567581377435;0,8553795410111338;;;
20%;0,2;PCSK9;Continu;MICE (sklearn);46,098228754699754;35,14426477194627;0,42046821760171277;0,009062294361355526;;;
20%;0,2;Glu;Continu;MICE (sklearn);0,3435740723755049;0,1290245406440748;0,9999999999999999;0,19279363453318865;;;
20%;0,2;Ins (µUI/mL);Continu;MICE (sklearn);3,6196423410507146;1,3979090990175655;0,9999988234755917;0,10264688851887019;;;
20%;0,2;HOMAB%;Continu;MICE (sklearn);58,2362275119416;47,85579514549567;0,31482613288791556;0,060056494931682546;;;
20%;0,2;HOMA-IR;Continu;MICE (sklearn);13,60326400548454;9,732741578318105;0,3652081375041959;0,6127392711353463;;;
20%;0,2;Adipo HMW;Continu;MICE (sklearn);6,3792397545045505;5,13639209820937;0,16210186746084385;0,37285549807396856;;;
20%;0,2;Glibenclamide 5mg;Continu;MICE (sklearn);6,967131114052637;5,2983063091963585;0,31482613288791556;0,5559094127062845;;;
20%;0,2;Insuline 10 UI;Continu;MICE (sklearn);2,5914270761565246;1,8651330500315664;0,024774411565286425;0,004647410549715278;;;
20%;0,2;Lasilix 40 mg;Continu;MICE (sklearn);0,0001426696611062031;0,00011315397896117848;0,06092073473992785;0,45298266232197326;;;
20%;0,2;Lexomil 6 mg;Continu;MICE (sklearn);0,0001596164719782064;0,0001254987582507367;0,024774411565286425;0,12733615094730863;;;
20%;0,2;Metformine 500 mg;Continu;MICE (sklearn);960,0961878192034;789,115614736171;0,31482613288791556;0,8697905791376359;;;
20%;0,2;Ratio Tot-c/HDL;Continu;MICE (sklearn);2,8042082582751218;1,4611667942143016;0,9999999957963892;0,5727750399486891;;;
20%;0,2;Ratio LDL-c/HDL;Continu;MICE (sklearn);2,525537688712524;1,2415609990783003;0,9999988234755917;0,2737548085176694;;;
20%;0,2;Ratio TG/HDL;Continu;MICE (sklearn);2,528474467113119;1,4774395390916855;0,8074043812092967;0,8660645271814567;;;
20%;0,2;Ratio LogTG/HDL;Continu;MICE (sklearn);0,2014495754066976;0,16135124686470131;0,9972477320442394;0,814308898509025;;;
20%;0,2;Insu pmol/L;Continu;MICE (sklearn);20,51030407777954;7,472560222364195;0,9999988234755917;0,37261404821564026;;;
20%;0,2;lu(mmol/l);Continu;MICE (sklearn);1,8166206157905807;0,6489654484856956;0,9999999999999999;0,8908586008135357;;;
20%;0,2;HOMAS%;Continu;MICE (sklearn);681,6463960015544;382,5736465643965;0,22900364920917013;0,6172401358059096;;;
20%;0,2;Sexe;Binaire;MICE (sklearn);;;;;0,44967320261437904;0,5555555555555556;9,316247543920025e-41
20%;0,2;HTA;Binaire;MICE (sklearn);;;;;0,7264069264069265;0,2807017543859649;1,536010359881543e-54
20%;0,2;HTS/HTD;Ordinal;MICE (sklearn);;;;;0,4477774125210023;0,5897435897435898;1,1166910086145704e-100
20%;0,2;Profil_glycemique;Ordinal;MICE (sklearn);;;;;0,49910109048040074;0,5833333333333333;8,263950024354582e-111
20%;0,2;Age;Continu;KNN (k=5);12,436585412259182;9,832835820895523;0,3652081375041959;0,08189691887322526;;;
20%;0,2;IMC;Continu;KNN (k=5);6,218131653758054;4,171939413071429;0,9126306966280817;0,37833669966448535;;;
20%;0,2;TT;Continu;KNN (k=5);14,00823933371961;11,12923076923077;0,5438221307073731;0,5808008239850602;;;
20%;0,2;PAS;Continu;KNN (k=5);19,995263590103928;16,51698113207547;0,8644440045104076;0,2702848507881458;;;
20%;0,2;PAD;Continu;KNN (k=5);10,903511240744846;8,485245901639344;0,2694445751599743;0,15591343431187915;;;
20%;0,2;Prot;Continu;KNN (k=5);9,673487221027617;6,783107692307691;0,9499065344511678;0,19908976824584557;;;
20%;0,2;HDL;Continu;KNN (k=5);0,19667763550463052;0,1648;0,48023676634154905;0,000646603351712824;;;
20%;0,2;Totc;Continu;KNN (k=5);0,4908942073471814;0,3915087719298246;0,48023676634154905;0,30915596961237335;;;
20%;0,2;LDLc;Continu;KNN (k=5);0,5026234699977634;0,40223703703703706;0,6776105978838524;0,0712562880590013;;;
20%;0,2;TG;Continu;KNN (k=5);0,5201483471379131;0,3829090909090909;0,42046821760171277;0,35930406081234767;;;
20%;0,2;Non HDL;Continu;KNN (k=5);0,4900213260665295;0,3984000000000001;0,5438221307073731;0,8253809075008403;;;
20%;0,2;PCSK9;Continu;KNN (k=5);32,6497622783333;25,107507505513922;0,48023676634154905;0,028567259885454912;;;
20%;0,2;Glu;Continu;KNN (k=5);0,8394547585585935;0,5965416666666667;0,9126306966280817;0,858853016587048;;;
20%;0,2;Ins (µUI/mL);Continu;KNN (k=5);5,049640287173306;3,70715717;0,8074043812092967;0,051754432138653404;;;
20%;0,2;HOMAB%;Continu;KNN (k=5);44,111816813737065;33,412173913043475;0,11175394106208987;0,0002472397436325405;;;
20%;0,2;HOMA-IR;Continu;KNN (k=5);5,884477375389533;1,338510740501961;0,6776105978838524;0,6393031435239315;;;
20%;0,2;Adipo HMW;Continu;KNN (k=5);2,5667599165147177;1,3165426547969696;0,8074043812092967;0,0066930969821308445;;;
20%;0,2;Glibenclamide 5mg;Continu;KNN (k=5);5,539253860704827;4,183333333333334;0,06092073473992785;0,13558801692380693;;;
20%;0,2;Insuline 10 UI;Continu;KNN (k=5);1,9820624179302297;0,5357142857142857;0,9999999999999998;0,5064843426606348;;;
20%;0,2;Lasilix 40 mg;Continu;KNN (k=5);0,0;0,0;1,0;1,0;;;
20%;0,2;Lexomil 6 mg;Continu;KNN (k=5);0,0;0,0;1,0;1,0;;;
20%;0,2;Metformine 500 mg;Continu;KNN (k=5);881,32330573449;628,8461538461538;0,48023676634154905;0,7768311607237912;;;
20%;0,2;Ratio Tot-c/HDL;Continu;KNN (k=5);3,6624610470122;2,0482625680185182;0,7442018745342833;0,8195134788887095;;;
20%;0,2;Ratio LDL-c/HDL;Continu;KNN (k=5);12,115418040066649;3,3608974269762717;0,8644440045104076;0,21857726635140518;;;
20%;0,2;Ratio TG/HDL;Continu;KNN (k=5);4,839533463023033;1,6450221008507462;0,9126306966280817;0,3145551064272126;;;
20%;0,2;Ratio LogTG/HDL;Continu;KNN (k=5);0,2461362057139876;0,18629198370967742;0,9754946858184;0,9079040127929596;;;
20%;0,2;Insu pmol/L;Continu;KNN (k=5);49,24895990567299;24,9783110545946;0,6101327398229283;0,07588232840645177;;;
20%;0,2;lu(mmol/l);Continu;KNN (k=5);5,2873158918764585;4,069214943396227;0,42046821760171277;0,13119752069055934;;;
20%;0,2;HOMAS%;Continu;KNN (k=5);522,8464888792369;194,98222222190472;0,5438221307073731;0,04133648107966309;;;
20%;0,2;Sexe;Binaire;KNN (k=5);;;;;0,6014646095443295;0,39682539682539686;6,816237755499002e-48
20%;0,2;HTA;Binaire;KNN (k=5);;;;;0,75579738308071;0,22807017543859653;8,75582043647412e-57
20%;0,2;HTS/HTD;Ordinal;KNN (k=5);;;;;0,38170843594572407;0,641025641025641;2,6238525887244277e-108
20%;0,2;Profil_glycemique;Ordinal;KNN (k=5);;;;;0,42378426171529615;0,6;1,571111565168041e-116
20%;0,2;Age;Continu;MissForest;12,410776874310429;10,158422887784857;0,42046821760171277;0,2968603765336191;;;
20%;0,2;IMC;Continu;MissForest;3,7144143922651893;2,56215861345061;0,9995057756795516;0,7565843719202254;;;
20%;0,2;TT;Continu;MissForest;9,233656230265254;7,443849652103028;0,7442018745342833;0,13709461764000314;;;
20%;0,2;PAS;Continu;MissForest;15,14696392417912;11,398064492072999;0,8074043812092967;0,0009152505823408143;;;
20%;0,2;PAD;Continu;MissForest;9,962447440718849;7,634119550423286;0,8074043812092967;0,48822304515400783;;;
20%;0,2;Prot;Continu;MissForest;10,679997947748534;7,178736193791224;0,9499065344511678;0,5029655792313905;;;
20%;0,2;HDL;Continu;MissForest;0,06947618751467573;0,051651794096181064;0,9999999999996849;0,2155787736415672;;;
20%;0,2;Totc;Continu;MissForest;0,16567617859962205;0,12054555052292293;0,9999999957963892;0,07067892751486882;;;
20%;0,2;LDLc;Continu;MissForest;0,1357983892446029;0,08737601528074802;0,9999999957963892;0,7664264119029984;;;
20%;0,2;TG;Continu;MissForest;0,3437939182953287;0,20234502139537616;0,9972477320442394;0,685004812175276;;;
20%;0,2;Non HDL;Continu;MissForest;0,19765887968610585;0,13573813882339564;0,9126306966280817;0,0038260161309559646;;;
20%;0,2;PCSK9;Continu;MissForest;31,49426572178148;24,038517595267777;0,06092073473992785;7,091716765208494e-05;;;
20%;0,2;Glu;Continu;MissForest;0,29379801726341925;0,10121979166666668;0,9999999999999998;0,6147100043878382;;;
20%;0,2;Ins (µUI/mL);Continu;MissForest;1,8612742211156748;0,7836181038849429;0,9999988234755917;0,28175211705122616;;;
20%;0,2;HOMAB%;Continu;MissForest;28,86068803721515;18,2755930121951;0,42046821760171277;0,000244375309291641;;;
20%;0,2;HOMA-IR;Continu;MissForest;1,8521129923142698;0,5955629923015199;0,9995057756795516;0,154224574855407;;;
20%;0,2;Adipo HMW;Continu;MissForest;3,7575726467732027;2,0346244579991803;0,039356539334689765;5,481820326008484e-05;;;
20%;0,2;Glibenclamide 5mg;Continu;MissForest;5,156582647968436;3,503118413796099;0,024774411565286425;0,4571505240586551;;;
20%;0,2;Insuline 10 UI;Continu;MissForest;2,203730603188278;0,6535714285714286;0,9754946858184;0,017930709052558835;;;
20%;0,2;Lasilix 40 mg;Continu;MissForest;0,0;0,0;1,0;1,0;;;
20%;0,2;Lexomil 6 mg;Continu;MissForest;0,0;0,0;1,0;1,0;;;
20%;0,2;Metformine 500 mg;Continu;MissForest;665,9734996164042;415,5718950165669;0,03132700885763083;0,026268820534998967;;;
20%;0,2;Ratio Tot-c/HDL;Continu;MissForest;1,1456890463226934;0,46689455341023;0,9999999999999999;0,014999688306756728;;;
20%;0,2;Ratio LDL-c/HDL;Continu;MissForest;9,005279601445853;1,7856776463381019;0,9999999999999999;0,7916418693822608;;;
20%;0,2;Ratio TG/HDL;Continu;MissForest;1,5473238068582946;0,30878821531930595;0,9999999999999999;0,6349686834061443;;;
20%;0,2;Ratio LogTG/HDL;Continu;MissForest;0,04826720887173853;0,021750403884844807;0,9999999999999999;0,07551773774609187;;;
20%;0,2;Insu pmol/L;Continu;MissForest;23,128234701216;7,492315411559886;0,9999567581377435;0,1280356055925236;;;
20%;0,2;lu(mmol/l);Continu;MissForest;1,2464885710058453;0,42176438037735936;0,9999999999999999;0,29415390656083573;;;
20%;0,2;HOMAS%;Continu;MissForest;125,68918240222364;37,118358178238516;0,9999988234755917;0,5066441674171223;;;
20%;0,2;Sexe;Binaire;MissForest;;;;;0,6990033222591362;0,2857142857142857;2,3166977417196044e-53
20%;0,2;HTA;Binaire;MissForest;;;;;0,8931623931623932;0,10526315789473684;3,804743730233913e-63
20%;0,2;HTS/HTD;Ordinal;MissForest;;;;;0,6404302035651818;0,39743589743589747;2,4422767724140676e-135
20%;0,2;Profil_glycemique;Ordinal;MissForest;;;;;1,0;0,0;1,0805673040040823e-195
40%;0,4;Age;Continu;Mediane/Mode;11,221518641438646;9,085271317829458;5,586801793405717e-06;0,2505944977679896;;;
40%;0,4;IMC;Continu;Mediane/Mode;6,479878356420313;4,562039508780488;2,4338011763247778e-06;0,41347870416946053;;;
40%;0,4;TT;Continu;Mediane/Mode;17,052131649692644;11,565891472868216;4,2621966720370663e-07;0,2525892410181153;;;
40%;0,4;PAS;Continu;Mediane/Mode;20,693396692342866;16,6;3,969385751248496e-05;0,3650256226552884;;;
40%;0,4;PAD;Continu;Mediane/Mode;12,320033148624917;10,37062937062937;2,0272025245913093e-09;0,06708973997412523;;;
40%;0,4;Prot;Continu;Mediane/Mode;12,33663780585866;8,05485294117647;2,711292647395307e-07;0,46543493201257635;;;
40%;0,4;HDL;Continu;Mediane/Mode;0,23691283694154758;0,17969230769230768;2,4338011763247778e-06;0,6663940196412208;;;
40%;0,4;Totc;Continu;Mediane/Mode;0,4294460537057923;0,3407971014492754;2,711292647395307e-07;0,2528428802463115;;;
40%;0,4;LDLc;Continu;Mediane/Mode;0,40635654930281406;0,32962903225806456;1,032252984572644e-06;0,5979035637708812;;;
40%;0,4;TG;Continu;Mediane/Mode;0,3623908549935356;0,27472868217054264;2,4338011763247778e-06;0,22512628920398126;;;
40%;0,4;Non HDL;Continu;Mediane/Mode;0,4356411290010516;0,3473949579831933;1,8482499141142196e-05;0,13063648915551607;;;
40%;0,4;PCSK9;Continu;Mediane/Mode;32,942978909062944;23,44446329691525;1,8482499141142196e-05;0,37478447020016004;;;
40%;0,4;Glu;Continu;Mediane/Mode;0,9127764992044877;0,6103124999999999;2,4338011763247778e-06;0,004601628590465577;;;
40%;0,4;Ins (µUI/mL);Continu;Mediane/Mode;5,420099870367132;3,37062571328125;1,0751741309113162e-07;0,0021053251141888787;;;
40%;0,4;HOMAB%;Continu;Mediane/Mode;43,359939924357626;27,996747967479678;6,70238419269392e-08;0,410595151210853;;;
40%;0,4;HOMA-IR;Continu;Mediane/Mode;9,205537893864145;1,4009005300677966;2,7175848539545025e-05;0,11524569716357051;;;
40%;0,4;Adipo HMW;Continu;Mediane/Mode;4,610989624999327;1,466729060462185;8,380202690108576e-06;0,005495076247697532;;;
40%;0,4;Glibenclamide 5mg;Continu;Mediane/Mode;6,088017204999678;3,507751937984496;0,0012199876922125534;7,732100450699574e-10;;;
40%;0,4;Insuline 10 UI;Continu;Mediane/Mode;1,6903085094570331;0,2857142857142857;0,9999999999999999;0,51231877240252;;;
40%;0,4;Lasilix 40 mg;Continu;Mediane/Mode;0,0;0,0;1,0;1,0;;;
40%;0,4;Lexomil 6 mg;Continu;Mediane/Mode;0,0;0,0;1,0;1,0;;;
40%;0,4;Metformine 500 mg;Continu;Mediane/Mode;1114,5618251203043;662,7906976744187;0,0012199876922125534;7,173052153650167e-10;;;
40%;0,4;Ratio Tot-c/HDL;Continu;Mediane/Mode;5,755486020485043;2,302337316351145;1,032252984572644e-06;0,09176286253015487;;;
40%;0,4;Ratio LDL-c/HDL;Continu;Mediane/Mode;5,253797624668837;2,3634659185;4,2621966720370663e-07;0,011534467868974985;;;
40%;0,4;Ratio TG/HDL;Continu;Mediane/Mode;4,6092737842527365;1,724682940572519;1,032252984572644e-06;0,07615132969783554;;;
40%;0,4;Ratio LogTG/HDL;Continu;Mediane/Mode;0,2556352916218032;0,181374061622807;1,7131405239416824e-07;0,13808131114842204;;;
40%;0,4;Insu pmol/L;Continu;Mediane/Mode;29,456780163732386;18,902075906976744;1,032252984572644e-06;0,05035595930701184;;;
40%;0,4;lu(mmol/l);Continu;Mediane/Mode;5,466073083872502;3,6480217142857136;3,969385751248496e-05;0,1626302699874662;;;
40%;0,4;HOMAS%;Continu;Mediane/Mode;486,3602437396552;150,90564515556446;1,032252984572644e-06;0,10883407150894361;;;
40%;0,4;Sexe;Binaire;Mediane/Mode;;;;;0,43699839486356346;0,4107142857142857;9,700418403498207e-35
40%;0,4;HTA;Binaire;Mediane/Mode;;;;;0,5912594911029966;0,28873239436619713;1,389293107799022e-35
40%;0,4;HTS/HTD;Ordinal;Mediane/Mode;;;;;0,2953119232189;0,5348837209302326;1,3860053372624886e-108
40%;0,4;Profil_glycemique;Ordinal;Mediane/Mode;;;;;0,4313666915608663;0,41538461538461535;1,372983952013919e-103
40%;0,4;Age;Continu;MICE (sklearn);15,130449758315795;12,30121718801014;0,42046821760171277;0,018918616393500357;;;
40%;0,4;IMC;Continu;MICE (sklearn);7,52640682166091;5,479511815660326;0,6776105978838524;0,051048511674701307;;;
40%;0,4;TT;Continu;MICE (sklearn);19,307227780376216;13,849979899954082;0,7442018745342833;0,09582495050215795;;;
40%;0,4;PAS;Continu;MICE (sklearn);33,43712645783951;27,343189447133046;0,7442018745342833;0,4138786206501025;;;
40%;0,4;PAD;Continu;MICE (sklearn);16,50920869651051;13,014724507341043;0,11175394106208987;0,026505700054872607;;;
40%;0,4;Prot;Continu;MICE (sklearn);17,411204943607824;13,724841800014882;0,16210186746084385;0,08735823563047461;;;
40%;0,4;HDL;Continu;MICE (sklearn);0,3738880253664842;0,2885164400534338;0,42046821760171277;0,6834150377197548;;;
40%;0,4;Totc;Continu;MICE (sklearn);0,4714278993507828;0,3586175353199487;0,9903851486604354;0,9720260498873581;;;
40%;0,4;LDLc;Continu;MICE (sklearn);0,428046074319704;0,3215786799962323;0,9903851486604354;0,593585954903671;;;
40%;0,4;TG;Continu;MICE (sklearn);0,6415948272231063;0,5097616404933808;0,8074043812092967;0,49915887109099033;;;
40%;0,4;Non HDL;Continu;MICE (sklearn);0,47430228322383183;0,3708854742063008;0,9499065344511678;0,575798616805858;;;
40%;0,4;PCSK9;Continu;MICE (sklearn);52,55656214812287;40,205833516526205;0,31482613288791556;0,6821500042805109;;;
40%;0,4;Glu;Continu;MICE (sklearn);0,8402779104086051;0,5765463352006541;0,7442018745342833;0,453786564557058;;;
40%;0,4;Ins (µUI/mL);Continu;MICE (sklearn);5,403346866038533;3,784105670096679;0,6776105978838524;0,8138696980017247;;;
40%;0,4;HOMAB%;Continu;MICE (sklearn);76,80425984078182;59,69205793819198;0,039356539334689765;0,013472790370719072;;;
40%;0,4;HOMA-IR;Continu;MICE (sklearn);14,832218772510128;10,407530959182077;0,0006481855608054158;0,8688218779437656;;;
40%;0,4;Adipo HMW;Continu;MICE (sklearn);6,675103500302461;5,116816423623711;0,002999139400832548;0,19290298636450554;;;
40%;0,4;Glibenclamide 5mg;Continu;MICE (sklearn);6,767744496813283;5,4865215937952;0,003995122247078164;0,5993247724103543;;;
40%;0,4;Insuline 10 UI;Continu;MICE (sklearn);2,029412885890533;1,4683298142247359;2,5521483019963285e-08;0,2684670691541362;;;
40%;0,4;Lasilix 40 mg;Continu;MICE (sklearn);0,00015641176318294665;0,0001269947598866145;5,7595008939683615e-05;0,5814436230864759;;;
40%;0,4;Lexomil 6 mg;Continu;MICE (sklearn);0,00019021173192845879;0,00014910908619880154;5,586801793405717e-06;0,3744079012023588;;;
40%;0,4;Metformine 500 mg;Continu;MICE (sklearn);1360,7728957492557;1127,9218981989573;0,005287224936506957;0,06620425466318768;;;
40%;0,4;Ratio Tot-c/HDL;Continu;MICE (sklearn);4,965580840441698;3,153662557412109;0,06092073473992785;0,6100613905222307;;;
40%;0,4;Ratio LDL-c/HDL;Continu;MICE (sklearn);4,426741549979434;2,8571287153041673;0,06092073473992785;0,5054686075959731;;;
40%;0,4;Ratio TG/HDL;Continu;MICE (sklearn);5,067680929606181;4,020548463808119;0,00011887374534801706;0,7704788097226694;;;
40%;0,4;Ratio LogTG/HDL;Continu;MICE (sklearn);0,401745224293735;0,32145147927278556;0,6101327398229283;0,9515272514500709;;;
40%;0,4;Insu pmol/L;Continu;MICE (sklearn);33,51575330408052;22,908255189161856;0,5438221307073731;0,600959558984746;;;
40%;0,4;lu(mmol/l);Continu;MICE (sklearn);4,706453364987914;3,309855594888133;0,6101327398229283;0,14764815181273092;;;
40%;0,4;HOMAS%;Continu;MICE (sklearn);574,2355080998526;395,17308489157955;0,002999139400832548;0,3221792327873765;;;
40%;0,4;Sexe;Binaire;MICE (sklearn);;;;;0,6795183539864391;0,3214285714285714;5,165360936411969e-40
40%;0,4;HTA;Binaire;MICE (sklearn);;;;;0,5956735890455856;0,4225352112676056;3,2312093652873168e-25
40%;0,4;HTS/HTD;Ordinal;MICE (sklearn);;;;;0,2892899096302115;0,7441860465116279;6,93033938882578e-53
40%;0,4;Profil_glycemique;Ordinal;MICE (sklearn);;;;;0,43563348416289593;0,6230769230769231;1,2940533626000525e-52
40%;0,4;Age;Continu;KNN (k=5);12,319883720381494;9,64186046511628;0,0491245619180859;0,1063149496766514;;;
40%;0,4;IMC;Continu;KNN (k=5);6,545798945777621;4,477786336455284;0,09188614878431155;0,5925852628526821;;;
40%;0,4;TT;Continu;KNN (k=5);17,179878260752126;11,300775193798449;0,19331462809017694;0,4784828710452109;;;
40%;0,4;PAS;Continu;KNN (k=5);22,585504200703603;18,361666666666668;0,039356539334689765;0,12323970523283698;;;
40%;0,4;PAD;Continu;KNN (k=5);12,993295743025872;10,534265734265736;0,0016573417701393725;0,0531580218722482;;;
40%;0,4;Prot;Continu;KNN (k=5);12,951141039896605;9,49770588235294;0,0491245619180859;0,04485554467998638;;;
40%;0,4;HDL;Continu;KNN (k=5);0,23721000108634668;0,1807846153846154;0,1350351077952536;0,5190390059977661;;;
40%;0,4;Totc;Continu;KNN (k=5);0,45999183987721254;0,3603913043478261;0,015195395509199468;0,09910031497790942;;;
40%;0,4;LDLc;Continu;KNN (k=5);0,4284398734493445;0,3559354838709677;0,3652081375041959;0,8496857455502445;;;
40%;0,4;TG;Continu;KNN (k=5);0,381753278822164;0,29355038759689916;0,11175394106208987;0,14210730382326173;;;
40%;0,4;Non HDL;Continu;KNN (k=5);0,44688366316454375;0,3664537815126051;0,09188614878431155;0,06571539242743255;;;
40%;0,4;PCSK9;Continu;KNN (k=5);35,02961118783944;27,41245239851526;0,2694445751599743;0,3562929362977405;;;
40%;0,4;Glu;Continu;KNN (k=5);0,8900167659937649;0,5935468749999999;0,16210186746084385;0,017853673143148886;;;
40%;0,4;Ins (µUI/mL);Continu;KNN (k=5);5,337718881438773;3,6367714642187496;0,1350351077952536;0,024617564189030782;;;
40%;0,4;HOMAB%;Continu;KNN (k=5);49,07713404609994;33,466341463414636;0,0016573417701393725;1,2051157343298933e-05;;;
40%;0,4;HOMA-IR;Continu;KNN (k=5);9,418673065830617;1,9051467359084748;0,42046821760171277;0,9261832075342403;;;
40%;0,4;Adipo HMW;Continu;KNN (k=5);5,04692661858083;2,4171571823479003;0,019465626104386045;2,899768048063834e-06;;;
40%;0,4;Glibenclamide 5mg;Continu;KNN (k=5);5,273709842594298;4,453488372093023;1,0751741309113162e-07;0,2878902554666689;;;
40%;0,4;Insuline 10 UI;Continu;KNN (k=5);1,7888543819998317;0,45714285714285713;0,9999567581377435;0,24739871536403601;;;
40%;0,4;Lasilix 40 mg;Continu;KNN (k=5);0,0;0,0;1,0;1,0;;;
40%;0,4;Lexomil 6 mg;Continu;KNN (k=5);0,0;0,0;1,0;1,0;;;
40%;0,4;Metformine 500 mg;Continu;KNN (k=5);939,7756618329947;766,6666666666666;2,711292647395307e-07;0,49416776078753877;;;
40%;0,4;Ratio Tot-c/HDL;Continu;KNN (k=5);4,889647815583967;2,357518203838168;0,31482613288791556;0,7687228429071413;;;
40%;0,4;Ratio LDL-c/HDL;Continu;KNN (k=5);4,467304045600831;2,322059440819048;0,31482613288791556;0,9640728158061964;;;
40%;0,4;Ratio TG/HDL;Continu;KNN (k=5);4,154351539982421;1,8741515322458013;0,09188614878431155;0,10434506734017417;;;
40%;0,4;Ratio LogTG/HDL;Continu;KNN (k=5);0,2508080272290682;0,1740851971210527;0,7442018745342833;0,9853372474611171;;;
40%;0,4;Insu pmol/L;Continu;KNN (k=5);30,503171853188757;20,443590983255813;0,07506130791879756;0,07849829865757164;;;
40%;0,4;lu(mmol/l);Continu;KNN (k=5);5,160979951447777;3,6080587428571427;0,039356539334689765;0,8361337630247666;;;
40%;0,4;HOMAS%;Continu;KNN (k=5);483,6219331057261;171,84016128448386;0,0491245619180859;0,03870979742973249;;;
40%;0,4;Sexe;Binaire;KNN (k=5);;;;;0,5757812500000001;0,375;6,461167328124516e-36
40%;0,4;HTA;Binaire;KNN (k=5);;;;;0,6740335630806114;0,3380281690140845;1,2083561421023527e-31
40%;0,4;HTS/HTD;Ordinal;KNN (k=5);;;;;0,22206143406792406;0,8062015503875969;5,984737974287745e-75
40%;0,4;Profil_glycemique;Ordinal;KNN (k=5);;;;;0,18054043221216473;0,823076923076923;9,554801151351575e-51
40%;0,4;Age;Continu;MissForest;12,754408626984606;10,403965050549573;0,006951721541272778;0,16799956016176487;;;
40%;0,4;IMC;Continu;MissForest;4,977184836091495;3,3400169156044135;0,3652081375041959;0,1445962764855308;;;
40%;0,4;TT;Continu;MissForest;15,761120967148196;9,809828582705336;0,5438221307073731;0,7626067924691221;;;
40%;0,4;PAS;Continu;MissForest;14,563961292975886;11,245910224093327;0,0491245619180859;0,14249396539413275;;;
40%;0,4;PAD;Continu;MissForest;9,358397968305114;6,663045789664766;0,16210186746084385;0,09803231054893853;;;
40%;0,4;Prot;Continu;MissForest;11,239772574052184;8,00913471400033;0,03132700885763083;0,3837314007377025;;;
40%;0,4;HDL;Continu;MissForest;0,10877078211074163;0,07266888934940124;0,9126306966280817;0,006304737659027764;;;
40%;0,4;Totc;Continu;MissForest;0,2252167184528018;0,16098576994947833;0,9903851486604354;0,8159791690787617;;;
40%;0,4;LDLc;Continu;MissForest;0,1986893673801111;0,13377607478955206;0,9754946858184;0,43361865883191664;;;
40%;0,4;TG;Continu;MissForest;0,3038494966619847;0,22268725806636883;0,42046821760171277;0,13096767482574453;;;
40%;0,4;Non HDL;Continu;MissForest;0,20900362193216102;0,14122987458779365;0,6101327398229283;0,3304466388900571;;;
40%;0,4;PCSK9;Continu;MissForest;37,35967003837978;28,915593627145693;0,002999139400832548;0,0022528678462935157;;;
40%;0,4;Glu;Continu;MissForest;0,5744716804003757;0,22245351562500015;0,8644440045104076;0,181379294723381;;;
40%;0,4;Ins (µUI/mL);Continu;MissForest;3,813937460998683;1,7610318544727686;0,9754946858184;0,3178804697073797;;;
40%;0,4;HOMAB%;Continu;MissForest;37,500634395203534;23,169762709753417;0,039356539334689765;7,89464765230721e-05;;;
40%;0,4;HOMA-IR;Continu;MissForest;6,042358039556511;1,4100126488408136;0,9126306966280817;0,0071563968833974;;;
40%;0,4;Adipo HMW;Continu;MissForest;5,020625267715139;2,537050900934273;0,0012199876922125534;8,59747686275881e-06;;;
40%;0,4;Glibenclamide 5mg;Continu;MissForest;5,066639350279555;3,82782015714548;1,1967200654075922e-09;0,6517539846986068;;;
40%;0,4;Insuline 10 UI;Continu;MissForest;1,782734656964647;0,4042857142857143;0,9972477320442394;0,1952911827447258;;;
40%;0,4;Lasilix 40 mg;Continu;MissForest;0,0;0,0;1,0;1,0;;;
40%;0,4;Lexomil 6 mg;Continu;MissForest;0,0;0,0;1,0;1,0;;;
40%;0,4;Metformine 500 mg;Continu;MissForest;658,3368721921951;422,7331146485565;1,1967200654075922e-09;0,09770203525536214;;;
40%;0,4;Ratio Tot-c/HDL;Continu;MissForest;3,833415916755828;1,1229435697067225;0,9903851486604354;0,020831923638506417;;;
40%;0,4;Ratio LDL-c/HDL;Continu;MissForest;3,0137572993285358;1,0581860847940705;0,9126306966280817;0,10360022092975721;;;
40%;0,4;Ratio TG/HDL;Continu;MissForest;1,892682066660796;0,6242258798393973;0,48023676634154905;0,00969041703518444;;;
40%;0,4;Ratio LogTG/HDL;Continu;MissForest;0,1414226270472565;0,08150930968993443;0,48023676634154905;0,14497226464479157;;;
40%;0,4;Insu pmol/L;Continu;MissForest;20,297619195427227;9,360213592231805;0,9903851486604354;0,019401358129001248;;;
40%;0,4;lu(mmol/l);Continu;MissForest;3,3312607507610403;1,3692032971428554;0,8074043812092967;0,7283003034145383;;;
40%;0,4;HOMAS%;Continu;MissForest;161,1803972350639;56,68067666709556;0,9499065344511678;0,2088213885174537;;;
40%;0,4;Sexe;Binaire;MissForest;;;;;0,5646411423582964;0,4196428571428571;2,7427658464732793e-32
40%;0,4;HTA;Binaire;MissForest;;;;;0,8855287563068228;0,11267605633802813;3,7852305825566366e-54
40%;0,4;HTS/HTD;Ordinal;MissForest;;;;;0,6594771998835804;0,4108527131782945;9,934178113979338e-114
40%;0,4;Profil_glycemique;Ordinal;MissForest;;;;;0,9460606639561661;0,05384615384615388;1,2682048714743958e-177
